CDUID,CDNAME,LANDAREA,land_area_km2,annual_burned_km2,ever_burned_km2,annual_burn_share,ever_burned_share
5901,East Kootenay,27514.0981,27849.713644649408,64.76669512127926,2278.348565285526,0.0023255784941875867,0.0818086891074103
5903,Central Kootenay,22078.0985,23144.23079842965,58.18968188987454,2037.0160040522558,0.0025142197378114095,0.0880139859385808
5905,Kootenay Boundary,8080.7585,8152.332790029737,6.239336738559352,223.72494973488233,0.0007653437242147463,0.027443058998829983
5907,Okanagan-Similkameen,10406.6406,10590.603849974807,67.25996310861242,2301.293587167637,0.006350909170186025,0.21729578594077156
5909,Fraser Valley,13319.3437,13902.219721508103,12.257546057340706,422.61706477564917,0.000881697045715446,0.030399250856452724
5915,Greater Vancouver,2878.9304,3005.4539287497264,0.0678819164222563,2.4437489912012262,2.258624421852152e-05,0.0008131047918667746
5917,Capital,2338.2231,2368.78347359151,0.32305734057996005,11.630064260878566,0.00013638111890832552,0.00490972028069972
5919,Cowichan Valley,3472.4812,3577.8512240626383,0.07477162329147004,2.691778438492922,2.089847190643302e-05,0.000752344988631589
5921,Nanaimo,2035.9264,2072.888922026099,0.3375073136252332,12.128620358472551,0.00016281977776954116,0.0058510710485237686
5923,Alberni-Clayoquot,6577.0848,6889.442632159682,1.1980133449073538,43.128480416664715,0.00017389118523392132,0.006260082668421165
5924,Strathcona,18243.6581,18645.95879355622,5.665186572062138,194.9154215361838,0.0003038291908067472,0.010453494169661248
5926,Comox Valley,1697.0275,1738.9439181413504,0.01914569807678031,0.6892451307640912,1.1009957179782982e-05,0.0003963584584721874
5927,Powell River,5067.8901,5318.154956911006,0.24955818633154367,8.984094707935572,4.692570794824995e-05,0.0016893254861369983
5929,Sunshine Coast,3767.431,3833.4854316447495,0.372520465469641,13.400118451419079,9.717539615373257e-05,0.0034955443787012866
5931,Squamish-Lillooet,16296.3429,16637.707034857307,37.056386681238706,1284.5696574866456,0.002227253226878118,0.07720833494635836
5933,Thompson-Nicola,44347.2347,45521.44528530256,254.99381792213796,8949.309809237888,0.00560161955148791,0.196595467326415
5935,Central Okanagan,2902.453,3144.899844149419,15.572739895584427,553.490381334706,0.004951744305801982,0.1759961870850628
5937,North Okanagan,7497.2315,7716.907090927372,15.673364513709082,561.8878541025006,0.0020310422723808573,0.07281257212013112
5939,Columbia-Shuswap,28885.8194,30033.115497159542,33.85523077108095,1200.7622687382252,0.001127263362813055,0.03998127563062148
5941,Cariboo,80373.7945,82960.62036389939,486.5510995533028,16952.148065151632,0.005864844035870146,0.2043396974467228
5943,Mount Waddington,20186.4702,20625.269486899735,10.348762027479179,359.2054092983106,0.0005017516030058302,0.017415792289475884
5945,Central Coast,24433.7329,25097.151236304315,18.89299523845351,655.1877343672942,0.0007527944132210441,0.026106059934783817
5947,Skeena-Queen Charlotte,19710.3037,20268.43840379428,0.059236438056019795,2.132511770016713,2.922595065090493e-06,0.00010521342234325778
5949,Kitimat-Stikine,104307.2489,106383.1979102239,45.23239031639177,1612.983288926666,0.00042518359294447134,0.015162011676767345
5951,Bulkley-Nechako,73203.2249,78194.47816998676,382.25146907809784,13003.142092779366,0.004888471386011713,0.16629233159548518
5953,Fraser-Fort George,50580.7194,52080.224758713426,30.502353047091088,1096.8251882620896,0.0005856801346078639,0.021060300590937487
5955,Peace River,117216.7437,119860.90482158905,436.09192872193194,14821.357854116772,0.003638316675241585,0.12365464682732134
5957,Stikine,118408.7578,121828.74197800686,245.2779697765421,8156.14479449982,0.0020133013424764815,0.06694762387000769
5959,Northern Rockies,84858.8848,86405.25810623476,736.6145098557487,24939.209999387203,0.008525112082300425,0.28863069847814804
